"artifact_id","title","original_filename","published_filename","category","origin","status","size_bytes","sha256","github_pages_url"
"1","THE ORCHESTRATOR — Drop · Sort · Grow · Search","00_THE_ORCHESTRATOR.html","01-00-the-orchestrator.html","Sort & Clean","Saved HTML Collection","READY","26130","a88633fdfca0cbc9f89a2a3362d93397de3306093ac8656759fc9873cefcdabd","https://vishnuhorus-commits.github.io/-rhymeweaver-writer-index/tool-vault/tools/01-00-the-orchestrator.html"
"2","A-Z COSMO LETTERS v2","a-z-cosmo-letters-v2.html","02-a-z-cosmo-letters-v2.html","Alliteration","Saved HTML Collection","READY","15586","f6529acd446e20c689defc51714d3251834e9b56368fd3a9e7ead27fed68fadc","https://vishnuhorus-commits.github.io/-rhymeweaver-writer-index/tool-vault/tools/02-a-z-cosmo-letters-v2.html"
"3","THE STAVE SCANNER","68d8dac0-40d2-4f88-ad13-92bacf98c5ce.html","03-the-stave-scanner.html","Rhyme & Writing","Saved HTML Collection","READY","30262","94845ec7ce0077fa3b47580f05aaf7c92ad5f7440cbd86c94756c48461921c85","https://vishnuhorus-commits.github.io/-rhymeweaver-writer-index/tool-vault/tools/03-the-stave-scanner.html"
"4","THE CONSONANT SEARCHER","THE_CONSONANT_SEARCHER.html","04-the-consonant-searcher.html","Rhyme & Writing","Saved HTML Collection","READY","984108","6cbe866825c7137bdacfe745ce9588ce056b37538c47968d45cbc560c0c4bb69","https://vishnuhorus-commits.github.io/-rhymeweaver-writer-index/tool-vault/tools/04-the-consonant-searcher.html"
"5","All Caps Trim Processor — TXT MD CSV PDF","all_caps_trim_pdf_processor_ipad.html","05-all-caps-trim-pdf-processor-ipad.html","Sort & Clean","Saved HTML Collection","CANONICAL · COPIES PRESERVED","13450","7a5a53363a09cfadd9c1e9403578e8c625a8507aa9526039639c2929eed382b2","https://vishnuhorus-commits.github.io/-rhymeweaver-writer-index/tool-vault/tools/05-all-caps-trim-pdf-processor-ipad.html"
"6","All Caps Trim Processor — TXT MD CSV PDF","all_caps_trim_pdf_processor_ipad(1).html","06-all-caps-trim-pdf-processor-ipad-copy-1.html","Sort & Clean","Saved HTML Collection","IDENTICAL COPY · PRESERVED","13450","7a5a53363a09cfadd9c1e9403578e8c625a8507aa9526039639c2929eed382b2","https://vishnuhorus-commits.github.io/-rhymeweaver-writer-index/tool-vault/tools/06-all-caps-trim-pdf-processor-ipad-copy-1.html"
"7","Alliteration Machine — Windows Offline V1","alliteration_machine_windows_v1.html","07-alliteration-machine-windows-v1.html","Alliteration","Saved HTML Collection","READY","21460","063ee8ac02a0422eae589c184ca6d5b5144712b6848b67fdf7032a3318fb710c","https://vishnuhorus-commits.github.io/-rhymeweaver-writer-index/tool-vault/tools/07-alliteration-machine-windows-v1.html"
"8","Alliteration Machine — Windows Offline V2","alliteration_machine_windows_v2.html","08-alliteration-machine-windows-v2.html","Alliteration","Saved HTML Collection","READY","24064","23afabca01032cd43706560e6eda07ea00b1e48d65a856095f602299f79773c6","https://vishnuhorus-commits.github.io/-rhymeweaver-writer-index/tool-vault/tools/08-alliteration-machine-windows-v2.html"
"9","Alliteration Machine V3 — Graphic + Phonetic Verifier","alliteration_machine_windows_v3_phonetic.html","09-alliteration-machine-windows-v3-phonetic.html","Alliteration","Saved HTML Collection","READY","30609","523ea8f244a506aa340f14f6ad6f6771c36a105d172e0595ad72d829f06a4aba","https://vishnuhorus-commits.github.io/-rhymeweaver-writer-index/tool-vault/tools/09-alliteration-machine-windows-v3-phonetic.html"
"10","Auto Chunk Engine Ultra Sorter","auto_chunk_engine_ultra_sorter.html","10-auto-chunk-engine-ultra-sorter.html","Auto Chunk","Saved HTML Collection","CANONICAL · COPIES PRESERVED","26653","b844f0242081e0aeffc406a5219ec3aebcaf8affa4f93575fa823688db5e70f9","https://vishnuhorus-commits.github.io/-rhymeweaver-writer-index/tool-vault/tools/10-auto-chunk-engine-ultra-sorter.html"
"11","Auto Chunk Engine Ultra Sorter","auto_chunk_engine_ultra_sorter(1).html","11-auto-chunk-engine-ultra-sorter-copy-1.html","Auto Chunk","Saved HTML Collection","IDENTICAL COPY · PRESERVED","26653","b844f0242081e0aeffc406a5219ec3aebcaf8affa4f93575fa823688db5e70f9","https://vishnuhorus-commits.github.io/-rhymeweaver-writer-index/tool-vault/tools/11-auto-chunk-engine-ultra-sorter-copy-1.html"
"12","Auto Chunk Engine Ultra Sorter","auto_chunk_engine_ultra_sorter(2).html","12-auto-chunk-engine-ultra-sorter-copy-2.html","Auto Chunk","Saved HTML Collection","IDENTICAL COPY · PRESERVED","26653","b844f0242081e0aeffc406a5219ec3aebcaf8affa4f93575fa823688db5e70f9","https://vishnuhorus-commits.github.io/-rhymeweaver-writer-index/tool-vault/tools/12-auto-chunk-engine-ultra-sorter-copy-2.html"
"13","AutoChunk Engine V4B Pipeline Manager","autochunk_v4b_safe_index.html","13-autochunk-v4b-safe-index.html","Auto Chunk","Saved HTML Collection","READY","21027","8a81da2b385dee0a557c9fe339065c6dd3a9e89050680653e414780c0e93a261","https://vishnuhorus-commits.github.io/-rhymeweaver-writer-index/tool-vault/tools/13-autochunk-v4b-safe-index.html"
"14","A-Z Alliteration Automator","AZ_Alliteration_Automator.html","14-az-alliteration-automator.html","Sort & Clean","Saved HTML Collection","READY","7937","a94744b2a9c17e30ec20ce282fea3cf859efc169657deb0d6e8e30e4a3960b58","https://vishnuhorus-commits.github.io/-rhymeweaver-writer-index/tool-vault/tools/14-az-alliteration-automator.html"
"15","AZ Auto Chunk Sorter Production","AZ_AUTO_CHUNK_SORTER_PRODUCTION.html","15-az-auto-chunk-sorter-production.html","Auto Chunk","Saved HTML Collection","READY","22767","47b80abeffd6b935a7bbb7475d33b29ff1e6f4d740a3824e46bc8a86349ec317","https://vishnuhorus-commits.github.io/-rhymeweaver-writer-index/tool-vault/tools/15-az-auto-chunk-sorter-production.html"
"16","A-Z Grail Ledger V1","az_grail_ledger_clickable_v1.html","16-az-grail-ledger-clickable-v1.html","Inspect & Report","Saved HTML Collection","READY","15268","0d302282ae07c95103b3219d536ca2f32eddf436f3e2cfac3455b903732eb1bd","https://vishnuhorus-commits.github.io/-rhymeweaver-writer-index/tool-vault/tools/16-az-grail-ledger-clickable-v1.html"
"17","A–Z Work Hub Drop Portal","AZ_WORK_HUB_DROP_PORTAL.html","17-az-work-hub-drop-portal.html","Hub & Archive","Saved HTML Collection","READY","19244","3504bf553fc70dafcd9ad7d549cf8e1202a5b7a1ca8244ad2017e1ff072d20e3","https://vishnuhorus-commits.github.io/-rhymeweaver-writer-index/tool-vault/tools/17-az-work-hub-drop-portal.html"
"18","Build Block Alliteration Reporter V1","BUILD_BLOCK_ALLITERATION_REPORTER_V1.html","18-build-block-alliteration-reporter-v1.html","Alliteration","Saved HTML Collection","READY","24262","f033518dc6fc344e9a1834dc0353bf795e194e3d2a06e4376060343fdc13ad7f","https://vishnuhorus-commits.github.io/-rhymeweaver-writer-index/tool-vault/tools/18-build-block-alliteration-reporter-v1.html"
"19","Chunk Engine Ultra Sorter","chunk_engine_ultra_sorter.html","19-chunk-engine-ultra-sorter.html","Auto Chunk","Saved HTML Collection","READY","27798","2faa6c5dc3674d2231d2d652b8ba9cc30e24076be9429d274c8226782c5ba41e","https://vishnuhorus-commits.github.io/-rhymeweaver-writer-index/tool-vault/tools/19-chunk-engine-ultra-sorter.html"
"20","WORD WEAVER — Work Hub Edition","d9c1dade-c1cf-4a85-98cc-a2bb93a2a20a.html","20-word-weaver-work-hub.html","Rhyme & Writing","Saved HTML Collection","READY","61988","6fb0512c161422632786155059d2a0d5a30f3109f7118dab5a559423ef1a685b","https://vishnuhorus-commits.github.io/-rhymeweaver-writer-index/tool-vault/tools/20-word-weaver-work-hub.html"
"21","DROP SCAN A-Z MASTER SYSTEM SEARCHABLE INDEX","DROP_SCAN_AZ_MASTER_SYSTEM_SEARCHABLE_INDEX.html","21-drop-scan-az-master-system-searchable-index.html","Inspect & Report","Saved HTML Collection","READY","18109","3b919cfd2f139c19e3bbf059ee6e0f5337a811f207525581ea5146e2d18361ac","https://vishnuhorus-commits.github.io/-rhymeweaver-writer-index/tool-vault/tools/21-drop-scan-az-master-system-searchable-index.html"
"22","DROP SCAN A-Z MASTER SYSTEM — STRICT QC","DROP_SCAN_AZ_MASTER_SYSTEM_STRICT_QC.html","22-drop-scan-az-master-system-strict-qc.html","Inspect & Report","Saved HTML Collection","READY","16672","39930fcb7dfe0bec71e65724771faab2d619d5ed56888c2b5b1c9046b2a04a66","https://vishnuhorus-commits.github.io/-rhymeweaver-writer-index/tool-vault/tools/22-drop-scan-az-master-system-strict-qc.html"
"23","DROP SCAN A-Z MASTER SYSTEM","DROP_SCAN_AZ_MASTER_SYSTEM.html","23-drop-scan-az-master-system.html","Inspect & Report","Saved HTML Collection","READY","14016","d82da5acbb4e9842dd643ce03e8e0bff53aed737660f74de939bc8bfcb37a4cc","https://vishnuhorus-commits.github.io/-rhymeweaver-writer-index/tool-vault/tools/23-drop-scan-az-master-system.html"
"24","Folder Merge + Dedupe — Working Safe Build","folder_merge_dedupe_working.html","24-folder-merge-dedupe-working.html","Merge & Dedupe","Saved HTML Collection","READY","10296","c32548c31911b2444e13095b4835d65cd41845e260c6e724409cab4a81997e1b","https://vishnuhorus-commits.github.io/-rhymeweaver-writer-index/tool-vault/tools/24-folder-merge-dedupe-working.html"
"25","RhymeWeaver Writer Index — Merge Deduplicate Search","index.html","25-rhymeweaver-writer-index-library.html","Merge & Dedupe","Saved HTML Collection","READY","24099","e2b69ab87afa09908c81223f269551170b79da750f14e168c1eec99922efde7c","https://vishnuhorus-commits.github.io/-rhymeweaver-writer-index/tool-vault/tools/25-rhymeweaver-writer-index-library.html"
"26","AutoChunk Engine V4B Pipeline Manager","index(1).html","26-autochunk-v4b-pipeline-manager-library.html","Auto Chunk","Saved HTML Collection","READY","20889","ce1a229ac5f5916e025e85aec98257f631b6c7e3dfae5df0b5fdb89455df9469","https://vishnuhorus-commits.github.io/-rhymeweaver-writer-index/tool-vault/tools/26-autochunk-v4b-pipeline-manager-library.html"
"27","RhymeWeave V4 • Image Prompt Creator","index(2).html","27-rhymeweave-v4-image-prompt-creator-library.html","Image & Prompt","Saved HTML Collection","READY","65334","f60953e8b9542a09a8639b3d6dae3764f6d0b0d1b8876ce8756de4a0870acd5a","https://vishnuhorus-commits.github.io/-rhymeweaver-writer-index/tool-vault/tools/27-rhymeweave-v4-image-prompt-creator-library.html"
"28","WORD WEAVER — Linguistic Analysis Engine","linguistic-engine.html","28-linguistic-engine.html","Rhyme & Writing","Saved HTML Collection","READY","50099","d9974bc35e29e77ebe14429394c6c41da49db4e2abb5f95c528359357148f6bf","https://vishnuhorus-commits.github.io/-rhymeweaver-writer-index/tool-vault/tools/28-linguistic-engine.html"
"29","Lyric Sorter Hybrid","lyric_sorter_hybrid_ipad_patched.html","29-lyric-sorter-hybrid-ipad-patched.html","Sort & Clean","Saved HTML Collection","CANONICAL · COPIES PRESERVED","18390","438914044bf77c216092c40560a7b0fe9936b69776f9de0771eb7945cf719e06","https://vishnuhorus-commits.github.io/-rhymeweaver-writer-index/tool-vault/tools/29-lyric-sorter-hybrid-ipad-patched.html"
"30","Lyric Sorter Hybrid","lyric_sorter_hybrid_ipad_patched(1).html","30-lyric-sorter-hybrid-ipad-patched-copy-1.html","Sort & Clean","Saved HTML Collection","IDENTICAL COPY · PRESERVED","18390","438914044bf77c216092c40560a7b0fe9936b69776f9de0771eb7945cf719e06","https://vishnuhorus-commits.github.io/-rhymeweaver-writer-index/tool-vault/tools/30-lyric-sorter-hybrid-ipad-patched-copy-1.html"
"31","Lyric Sorter Hybrid","lyric_sorter_hybrid_ipad.html","31-lyric-sorter-hybrid-ipad.html","Sort & Clean","Saved HTML Collection","CANONICAL · COPIES PRESERVED","16681","31b0cf9c06ca2964930e53cc8edd9d6bc2ddd90b4e0ca8041edfe5f0d2329887","https://vishnuhorus-commits.github.io/-rhymeweaver-writer-index/tool-vault/tools/31-lyric-sorter-hybrid-ipad.html"
"32","Lyric Sorter Hybrid","lyric_sorter_hybrid_ipad(1).html","32-lyric-sorter-hybrid-ipad-copy-1.html","Sort & Clean","Saved HTML Collection","IDENTICAL COPY · PRESERVED","16681","31b0cf9c06ca2964930e53cc8edd9d6bc2ddd90b4e0ca8041edfe5f0d2329887","https://vishnuhorus-commits.github.io/-rhymeweaver-writer-index/tool-vault/tools/32-lyric-sorter-hybrid-ipad-copy-1.html"
"33","Lyric Sorter iPad Fixed Upload","lyric_sorter_ipad_fixed_upload.html","33-lyric-sorter-ipad-fixed-upload.html","Sort & Clean","Saved HTML Collection","READY","13818","c6b421985b2e6aa9f3a4fb63cd0726818651d8a321d8318ebc69da9f80811519","https://vishnuhorus-commits.github.io/-rhymeweaver-writer-index/tool-vault/tools/33-lyric-sorter-ipad-fixed-upload.html"
"34","Heavy Clean Sorter iPad","lyric_sorter_ipad_heavy_clean.html","34-lyric-sorter-ipad-heavy-clean.html","Sort & Clean","Saved HTML Collection","READY","13755","decc05af71a9b2589c9ac6c758feed56d89921ef1caea0b8add18362ea8a3226","https://vishnuhorus-commits.github.io/-rhymeweaver-writer-index/tool-vault/tools/34-lyric-sorter-ipad-heavy-clean.html"
"35","Ultra Strict Sorter iPad","lyric_sorter_ipad_ultra_strict.html","35-lyric-sorter-ipad-ultra-strict.html","Sort & Clean","Saved HTML Collection","READY","17592","05f43f918b69b5d1f774ebe95ecbac895ae6a3e9ad0c1a4db5d98e9bde2eee8d","https://vishnuhorus-commits.github.io/-rhymeweaver-writer-index/tool-vault/tools/35-lyric-sorter-ipad-ultra-strict.html"
"36","Lyric Sorter Upgrade","lyric_sorter_upgrade.html","36-lyric-sorter-upgrade.html","Sort & Clean","Saved HTML Collection","READY","17480","fe0e478cc8e8879b09a17b0e595e7a08de57bce0a89c50c63569f908f88c04ee","https://vishnuhorus-commits.github.io/-rhymeweaver-writer-index/tool-vault/tools/36-lyric-sorter-upgrade.html"
"37","Master A–Z Grail Index","master_az_grail_index_clickable.html","37-master-az-grail-index-clickable.html","Inspect & Report","Saved HTML Collection","READY","17967","8f13914b2702a45bfdca72a233146e1f9aa0e5dface3962d1fee7ca246149d3b","https://vishnuhorus-commits.github.io/-rhymeweaver-writer-index/tool-vault/tools/37-master-az-grail-index-clickable.html"
"38","Master A–Z Work Hub","MASTER_AZ_WORK_HUB.html","38-master-az-work-hub.html","Hub & Archive","Saved HTML Collection","READY","15014","ef9aa577c5634ea9b51a16bad000db374ae8627d7d4f5fdf5254fa5092673d0e","https://vishnuhorus-commits.github.io/-rhymeweaver-writer-index/tool-vault/tools/38-master-az-work-hub.html"
"39","OPEN THIS — ALLITERATION EXTRACTOR","OPEN_THIS_ALLITERATION_EXTRACTOR.html","39-open-this-alliteration-extractor.html","Alliteration","Saved HTML Collection","READY","13752","42f87c93cf913b9f71500e2e3b6b4ead6c4ccc4be6f8da2bd32056532f26b940","https://vishnuhorus-commits.github.io/-rhymeweaver-writer-index/tool-vault/tools/39-open-this-alliteration-extractor.html"
"40","OPEN THIS — ALLITERATION TO A-Z PIPELINE","OPEN_THIS_ALLITERATION_TO_AZ_PIPELINE.html","40-open-this-alliteration-to-az-pipeline.html","Sort & Clean","Saved HTML Collection","READY","19067","2013b604488316ea477ae5ba10908e297ccf46b07944f2acf406a5ecbf39867f","https://vishnuhorus-commits.github.io/-rhymeweaver-writer-index/tool-vault/tools/40-open-this-alliteration-to-az-pipeline.html"
"41","OPEN THIS — A-Z FOLDER AUTOMATOR","OPEN_THIS_AZ_FOLDER_AUTOMATOR.html","41-open-this-az-folder-automator.html","Sort & Clean","Saved HTML Collection","READY","13926","75354fa04b9039189284aa95e8f2859fb1a26a245723227c3031f3854ca4e0a8","https://vishnuhorus-commits.github.io/-rhymeweaver-writer-index/tool-vault/tools/41-open-this-az-folder-automator.html"
"42","OPEN THIS - A-Z Text Merger","OPEN_THIS_AZ_TEXT_MERGER.html","42-open-this-az-text-merger.html","Merge & Dedupe","Saved HTML Collection","CANONICAL · COPIES PRESERVED","7928","1da4eb4067d0e712ee6c7f3fba1361826024c22c9df1c8d6ce60665c8dd9ce1a","https://vishnuhorus-commits.github.io/-rhymeweaver-writer-index/tool-vault/tools/42-open-this-az-text-merger.html"
"43","OPEN THIS - A-Z Text Merger","OPEN_THIS_AZ_TEXT_MERGER(1).html","43-open-this-az-text-merger-copy-1.html","Merge & Dedupe","Saved HTML Collection","IDENTICAL COPY · PRESERVED","7928","1da4eb4067d0e712ee6c7f3fba1361826024c22c9df1c8d6ce60665c8dd9ce1a","https://vishnuhorus-commits.github.io/-rhymeweaver-writer-index/tool-vault/tools/43-open-this-az-text-merger-copy-1.html"
"44","VISIBLE A-Z TEXT MERGER","OPEN_THIS_VISIBLE_AZ_MERGER.html","44-open-this-visible-az-merger.html","Merge & Dedupe","Saved HTML Collection","READY","7944","29477a2df9de55d87ccc6ecb542b21393ac1d15dfc536a1534cb2f51fff5c3c6","https://vishnuhorus-commits.github.io/-rhymeweaver-writer-index/tool-vault/tools/44-open-this-visible-az-merger.html"
"45","All Caps Trim Processor — TXT MD CSV PDF","preview.html","45-all-caps-trim-processor-preview.html","Sort & Clean","Saved HTML Collection","READY","13449","d5989aef295f851b4514f4e3b56985f94a2a677e8fd6c51b8774730d7fde217b","https://vishnuhorus-commits.github.io/-rhymeweaver-writer-index/tool-vault/tools/45-all-caps-trim-processor-preview.html"
"46","RHYMING WRITING MASTERS MACHINE","rhyme_dna_loader_demo.html","46-rhyme-dna-loader-demo.html","Rhyme & Writing","Saved HTML Collection","CANONICAL · COPIES PRESERVED","5491","d562eab117e4fe2645e07118767ed567576d41e0c818ed7e65f7da64c66c9ffc","https://vishnuhorus-commits.github.io/-rhymeweaver-writer-index/tool-vault/tools/46-rhyme-dna-loader-demo.html"
"47","RHYMING WRITING MASTERS MACHINE","rhyme_dna_loader_demo(1).html","47-rhyme-dna-loader-demo-copy-1.html","Rhyme & Writing","Saved HTML Collection","IDENTICAL COPY · PRESERVED","5491","d562eab117e4fe2645e07118767ed567576d41e0c818ed7e65f7da64c66c9ffc","https://vishnuhorus-commits.github.io/-rhymeweaver-writer-index/tool-vault/tools/47-rhyme-dna-loader-demo-copy-1.html"
"48","RHYMING WRITING MASTERS MACHINE","rhyme_dna_loader_demo(2).html","48-rhyme-dna-loader-demo-copy-2.html","Rhyme & Writing","Saved HTML Collection","IDENTICAL COPY · PRESERVED","5491","d562eab117e4fe2645e07118767ed567576d41e0c818ed7e65f7da64c66c9ffc","https://vishnuhorus-commits.github.io/-rhymeweaver-writer-index/tool-vault/tools/48-rhyme-dna-loader-demo-copy-2.html"
"49","RHYMING WRITING MASTERS MACHINE","rhyme_dna_loader_demo(3).html","49-rhyme-dna-loader-demo-copy-3.html","Rhyme & Writing","Saved HTML Collection","IDENTICAL COPY · PRESERVED","5491","d562eab117e4fe2645e07118767ed567576d41e0c818ed7e65f7da64c66c9ffc","https://vishnuhorus-commits.github.io/-rhymeweaver-writer-index/tool-vault/tools/49-rhyme-dna-loader-demo-copy-3.html"
"50","RhymeWeave V2 • Alliteration + Rhyme Flow Checker","rhymeweave_v2.html","50-rhymeweave-v2.html","Rhyme & Writing","Saved HTML Collection","READY","45640","ca1fe4be2b320a5286f37951d65b80a31d2beaa56b40f294c5901f74c2a40e81","https://vishnuhorus-commits.github.io/-rhymeweaver-writer-index/tool-vault/tools/50-rhymeweave-v2.html"
"51","RhymeWeave V3 • Color-Coded Flow Guardian","rhymeweave_v3.html","51-rhymeweave-v3.html","Rhyme & Writing","Saved HTML Collection","READY","53205","b526880018adac407bbd19e8c991d9f63f63167987e71ab23afa21d87d3c5e63","https://vishnuhorus-commits.github.io/-rhymeweaver-writer-index/tool-vault/tools/51-rhymeweave-v3.html"
"52","RhymeWeave V4 • Image Prompt Creator","rhymeweave_v4_image_prompt_creator.html","52-rhymeweave-v4-image-prompt-creator.html","Image & Prompt","Saved HTML Collection","READY","64717","6e55a07b86c761c2bee181f9b6040397ce32261dc4c2f7cc8e549498c7ec955e","https://vishnuhorus-commits.github.io/-rhymeweaver-writer-index/tool-vault/tools/52-rhymeweave-v4-image-prompt-creator.html"
"53","RhymeWeaver Writer Index","rhymeweaver_auto_chunk_index.html","53-rhymeweaver-auto-chunk-index.html","Auto Chunk","Saved HTML Collection","READY","14396","2bca7e7e4f820827b7ff99b4102390e04e49e7a6c40d9e1d402110e5f3cb24ea","https://vishnuhorus-commits.github.io/-rhymeweaver-writer-index/tool-vault/tools/53-rhymeweaver-auto-chunk-index.html"
"54","RhymeWeaver Working","RhymeWeaver_Writer_Index_WORKING_SINGLE_FILE.html","54-rhyme-weaver-writer-index-working-single-file.html","Rhyme & Writing","Saved HTML Collection","READY","11331","a933b4c134e33aa4e7576a869438f9ee99547ce82ae3d3b900102bfca114f25d","https://vishnuhorus-commits.github.io/-rhymeweaver-writer-index/tool-vault/tools/54-rhyme-weaver-writer-index-working-single-file.html"
"55","RHYMING WRITING MASTERS MACHINE","rhyming-writing-masters-machine-datamuse.html","55-rhyming-writing-masters-machine-datamuse.html","Hub & Archive","Saved HTML Collection","READY","85470","d3bf1595fcb5d9c24a17bb6a8704414ff803e8135d160a584c6dcfc7baa521ee","https://vishnuhorus-commits.github.io/-rhymeweaver-writer-index/tool-vault/tools/55-rhyming-writing-masters-machine-datamuse.html"
"56","RHYMING WRITING MASTERS MACHINE","rhyming-writing-masters-machine.html","56-rhyming-writing-masters-machine.html","Hub & Archive","Saved HTML Collection","READY","82233","d6dad4160c0ff24309a052c75bb3c2c90a9da29a95c3b6793100c38c6bd7d703","https://vishnuhorus-commits.github.io/-rhymeweaver-writer-index/tool-vault/tools/56-rhyming-writing-masters-machine.html"
"57","Ryan Alliteration Engine","ryan-alliteration-engine.html","57-ryan-alliteration-engine.html","Alliteration","Saved HTML Collection","READY","14840","b9fc39b62ad01bfea1a10f90be0777e38c0469c5477320cd21bd35adcd3dfca7","https://vishnuhorus-commits.github.io/-rhymeweaver-writer-index/tool-vault/tools/57-ryan-alliteration-engine.html"
"58","Safe Alliteration Processor — iPad Local","safe_alliteration_processor_ipad.html","58-safe-alliteration-processor-ipad.html","Sort & Clean","Saved HTML Collection","READY","11729","6799527d09efa9a2acadb9df33db0453fd97121527fba6357cc148ab794711f5","https://vishnuhorus-commits.github.io/-rhymeweaver-writer-index/tool-vault/tools/58-safe-alliteration-processor-ipad.html"
"59","Stable A-Z Index Sorter - Offline iPad Safe","stable_az_index_sorter_offline_ipad_safe.html","59-stable-az-index-sorter-offline-ipad-safe.html","Sort & Clean","Saved HTML Collection","CANONICAL · COPIES PRESERVED","14585","d572ce77b24245f123653bb8022e3963020ee0cb945b2ac5517fe397c5e573a0","https://vishnuhorus-commits.github.io/-rhymeweaver-writer-index/tool-vault/tools/59-stable-az-index-sorter-offline-ipad-safe.html"
"60","Stable A-Z Index Sorter - Offline iPad Safe","stable_az_index_sorter_offline_ipad_safe(1).html","60-stable-az-index-sorter-offline-ipad-safe-copy-1.html","Sort & Clean","Saved HTML Collection","IDENTICAL COPY · PRESERVED","14585","d572ce77b24245f123653bb8022e3963020ee0cb945b2ac5517fe397c5e573a0","https://vishnuhorus-commits.github.io/-rhymeweaver-writer-index/tool-vault/tools/60-stable-az-index-sorter-offline-ipad-safe-copy-1.html"
"61","ALLITERATION ARCHIVE // THE GILDED CODEX","THE_GILDED_CODEX_2026-07-28_2.html","61-the-gilded-codex-2026-07-28-2.html","Alliteration","Saved HTML Collection","READY","3100425","9242ff0ed37d8664f531d096b552dbbaaf20f9ae4bb284001413f7a7b3cb3fb7","https://vishnuhorus-commits.github.io/-rhymeweaver-writer-index/tool-vault/tools/61-the-gilded-codex-2026-07-28-2.html"
"62","ALLITERATION ARCHIVE // THE GILDED CODEX · LIVING","THE_GILDED_CODEX_2026-07-28_v6_5.html","62-the-gilded-codex-2026-07-28-v6-5.html","Alliteration","Saved HTML Collection","READY","3139156","07689214eb092de22339a34f02678e3ac322fd3002f2756b355a62e4599383b8","https://vishnuhorus-commits.github.io/-rhymeweaver-writer-index/tool-vault/tools/62-the-gilded-codex-2026-07-28-v6-5.html"
"63","ULTRA INDEX BRIDGE — Gilded Edition · Sealed Database","ULTRA_INDEX_BRIDGE_DB_20260727.html","63-ultra-index-bridge-db-20260727.html","Hub & Archive","Saved HTML Collection","READY","6332415","3521f10832b5bd6a9e63c9913d6340218632e0d997367e242ce9e5486e49890b","https://vishnuhorus-commits.github.io/-rhymeweaver-writer-index/tool-vault/tools/63-ultra-index-bridge-db-20260727.html"
"64","Universal Beast — One-File Engine Map + A-Z Processor","UNIVERSAL_BEAST_ONE_FILE_ENGINE_MAP.html","64-universal-beast-one-file-engine-map.html","Sort & Clean","Saved HTML Collection","READY","16068","b031c697620df088bc038bbae63316b8698b0982bf457a4ee0e38120541d1319","https://vishnuhorus-commits.github.io/-rhymeweaver-writer-index/tool-vault/tools/64-universal-beast-one-file-engine-map.html"
"65","master_long_line_raw_input.csv - Google Drive","view.html","65-google-drive-master-long-line-view.html","Hub & Archive","Saved HTML Collection","READY","66757","2af57fe7548d1150e5fd4f5f7ab5d58a13b64d0747f7f93c5a11c32f68028af0","https://vishnuhorus-commits.github.io/-rhymeweaver-writer-index/tool-vault/tools/65-google-drive-master-long-line-view.html"
"66","WORD WEAVER — Linguistic Analysis Engine","word_weaver_depth_meter.html","66-word-weaver-depth-meter.html","Rhyme & Writing","Saved HTML Collection","READY","54584","efdcdb07e34b3d1ef05860727ad580571326bf0dba59f8d5ddeac75f358234a7","https://vishnuhorus-commits.github.io/-rhymeweaver-writer-index/tool-vault/tools/66-word-weaver-depth-meter.html"
"67","RHYMEWEAVER AUTOMATION HUB","automation-hub.html","67-automation-hub.html","Rhyme & Writing","GitHub-only Recovery","READY","9177","3d989cdc0f5bdbdbe7bb7aabe266f3df236bfd451789286f50f6bdd746a2c851","https://vishnuhorus-commits.github.io/-rhymeweaver-writer-index/tool-vault/tools/67-automation-hub.html"
"68","A-Z FOLDER AUTOMATOR","az-folder-automator.html","68-az-folder-automator.html","Sort & Clean","GitHub-only Recovery","READY","12313","5f225353d6cd0abadff706cef20d5ae136d1b5cd6862ab97fab516a655f63c8e","https://vishnuhorus-commits.github.io/-rhymeweaver-writer-index/tool-vault/tools/68-az-folder-automator.html"
"69","RhymeWeaver Image Forge","forge.html","69-forge.html","Image & Prompt","GitHub-only Recovery","READY","15854","2668836fb2f8df5f683d7e95a96078eb6929f6e746e33570704c34518aa3f27f","https://vishnuhorus-commits.github.io/-rhymeweaver-writer-index/tool-vault/tools/69-forge.html"
"70","Organize - AZ Clean","organize.html","70-organize.html","Sort & Clean","GitHub-only Recovery","READY","6947","133039e46baa76099f86db841fe03cbf0ad518528bfaec7085345ccbd29e1d18","https://vishnuhorus-commits.github.io/-rhymeweaver-writer-index/tool-vault/tools/70-organize.html"
"71","PHON RHYME LAB — CMUdict Pronunciation Engine","phon-rhyme-lab.html","71-phon-rhyme-lab.html","Rhyme & Writing","GitHub-only Recovery","READY","18266","772772861338f829eb89c74f3bc7c35c1031ee18a015a28b3825f6603d69df35","https://vishnuhorus-commits.github.io/-rhymeweaver-writer-index/tool-vault/tools/71-phon-rhyme-lab.html"
"72","RHYMEFORGE AUTOMATED LINE PROCESSING UNIT","rhymeforge-drop-processor.html","72-rhymeforge-drop-processor.html","Image & Prompt","GitHub-only Recovery","READY","11416","377b18f3c0c9247b63ec74b42cf6d6288c65cdc8563d78f6f69c78e57b625695","https://vishnuhorus-commits.github.io/-rhymeweaver-writer-index/tool-vault/tools/72-rhymeforge-drop-processor.html"
"73","Stable A-Z Cleanup Inspector","stable-az-inspector.html","73-stable-az-inspector.html","Sort & Clean","GitHub-only Recovery","READY","7940","40fc4d4bd7b2983090621a5ec434f1b18327d1f7a1bea5778d1d62df9f970ae8","https://vishnuhorus-commits.github.io/-rhymeweaver-writer-index/tool-vault/tools/73-stable-az-inspector.html"
